{
    "4271e98c2e4ab5958253578e80f7daeb": {
        "statistic": {
            "failed": 0,
            "broken": 0,
            "skipped": 0,
            "passed": 1,
            "unknown": 0,
            "total": 1
        },
        "items": [
            {
                "uid": "ccbae8883973b5ca",
                "status": "passed",
                "time": {
                    "start": 1591781942886,
                    "stop": 1591781944852,
                    "duration": 1966
                }
            }
        ]
    }
}