[
    {
        "data": {
            "duration": 2451
        }
    },
    {
        "data": {
            "duration": 3593
        }
    },
    {
        "data": {
            "duration": 2451
        }
    },
    {
        "data": {
            "duration": 3286
        }
    },
    {
        "data": {
            "duration": 2451
        }
    },
    {
        "data": {
            "duration": 3593
        }
    },
    {
        "data": {
            "duration": 2451
        }
    }
]