{
    "4271e98c2e4ab5958253578e80f7daeb": {
        "statistic": {
            "failed": 0,
            "broken": 0,
            "skipped": 0,
            "passed": 3,
            "unknown": 0,
            "total": 3
        },
        "items": [
            {
                "uid": "7d64a9eea04b3823",
                "status": "passed",
                "time": {
                    "start": 1591781946200,
                    "stop": 1591781949486,
                    "duration": 3286
                }
            },
            {
                "uid": "a97235f71f5ff1df",
                "status": "passed",
                "time": {
                    "start": 1591780992620,
                    "stop": 1591780996213,
                    "duration": 3593
                }
            },
            {
                "uid": "7f7db931eb182fb0",
                "status": "passed",
                "time": {
                    "start": 1591780478445,
                    "stop": 1591780480896,
                    "duration": 2451
                }
            }
        ]
    }
}