[
    {
        "data": {
            "run": 1,
            "retry": 0
        }
    },
    {
        "data": {
            "run": 1,
            "retry": 0
        }
    },
    {
        "data": {
            "run": 1,
            "retry": 0
        }
    },
    {
        "data": {
            "run": 1,
            "retry": 0
        }
    },
    {
        "data": {
            "run": 1,
            "retry": 0
        }
    },
    {
        "data": {
            "run": 1,
            "retry": 0
        }
    },
    {
        "data": {
            "run": 1,
            "retry": 0
        }
    }
]