{
    "4271e98c2e4ab5958253578e80f7daeb": {
        "statistic": {
            "failed": 0,
            "broken": 0,
            "skipped": 0,
            "passed": 2,
            "unknown": 0,
            "total": 2
        },
        "items": [
            {
                "uid": "a97235f71f5ff1df",
                "status": "passed",
                "time": {
                    "start": 1591780992620,
                    "stop": 1591780996213,
                    "duration": 3593
                }
            },
            {
                "uid": "7f7db931eb182fb0",
                "status": "passed",
                "time": {
                    "start": 1591780478445,
                    "stop": 1591780480896,
                    "duration": 2451
                }
            }
        ]
    }
}