[
    {
        "data": {
            "failed": 0,
            "broken": 0,
            "skipped": 0,
            "passed": 1,
            "unknown": 0,
            "total": 1
        }
    },
    {
        "data": {
            "failed": 0,
            "broken": 0,
            "skipped": 0,
            "passed": 1,
            "unknown": 0,
            "total": 1
        }
    },
    {
        "data": {
            "failed": 0,
            "broken": 0,
            "skipped": 0,
            "passed": 1,
            "unknown": 0,
            "total": 1
        }
    }
]