{
    "4271e98c2e4ab5958253578e80f7daeb": {
        "statistic": {
            "failed": 0,
            "broken": 1,
            "skipped": 0,
            "passed": 22,
            "unknown": 0,
            "total": 23
        },
        "items": [
            {
                "uid": "58d284b4ccfd6884",
                "status": "passed",
                "time": {
                    "start": 1591840397913,
                    "stop": 1591840401237,
                    "duration": 3324
                }
            },
            {
                "uid": "c6c3a30745ff4682",
                "status": "passed",
                "time": {
                    "start": 1591840341621,
                    "stop": 1591840344973,
                    "duration": 3352
                }
            },
            {
                "uid": "f85528f3526dbbf6",
                "status": "passed",
                "time": {
                    "start": 1591840184304,
                    "stop": 1591840187860,
                    "duration": 3556
                }
            },
            {
                "uid": "27fbc2e8c5436be8",
                "status": "passed",
                "time": {
                    "start": 1591840114089,
                    "stop": 1591840117360,
                    "duration": 3271
                }
            },
            {
                "uid": "749fd63b2cd595e3",
                "status": "passed",
                "time": {
                    "start": 1591840025557,
                    "stop": 1591840028901,
                    "duration": 3344
                }
            }
        ]
    }
}